file,description,width,height,source_alpha_range
poses/idle_tablet.png,待机/平板,245,285,"(0, 254)"
poses/happy.png,开心,220,280,"(0, 253)"
poses/alert.png,警报,215,292,"(0, 254)"
poses/worried.png,担忧,215,290,"(0, 253)"
poses/thinking_tablet.png,思考/平板,225,279,"(0, 253)"
poses/sleep.png,睡眠,210,290,"(0, 253)"
poses/idle.png,待机,225,289,"(0, 254)"
body/body_round.png,完整身体主体,270,280,"(0, 253)"
body/body_round_alt.png,身体主体备选,245,280,"(0, 253)"
tentacles/tentacle_01.png,神经突触1,105,270,"(0, 253)"
tentacles/tentacle_02.png,神经突触2,105,251,"(0, 253)"
tentacles/tentacle_03.png,神经突触3,105,259,"(0, 253)"
tentacles/tentacle_04.png,神经突触4,105,239,"(0, 253)"
tentacles/tentacle_05.png,神经突触5,105,270,"(0, 253)"
tentacles/tentacle_06.png,神经突触6,105,270,"(0, 253)"
tentacles/tentacle_07.png,神经突触7,115,270,"(0, 253)"
tentacles/tentacle_08.png,神经突触8,110,270,"(0, 253)"
eyes/eye_l.png,左眼,100,105,"(0, 254)"
eyes/eye_r.png,右眼,100,105,"(0, 254)"
eyes/eye_l_closed.png,左闭眼,110,105,"(0, 254)"
eyes/eye_r_closed.png,右闭眼,110,105,"(0, 254)"
eyes/eye_l_half.png,左半睁,115,105,"(0, 254)"
eyes/eye_r_half.png,右半睁,110,105,"(0, 254)"
eyes/pupil_l.png,左瞳孔,95,90,"(0, 253)"
eyes/pupil_r.png,右瞳孔,90,89,"(0, 253)"
eyes/glasses.png,眼镜,210,98,"(0, 253)"
tablet/tablet_base.png,平板底层,155,110,"(0, 254)"
tablet/tablet_screen.png,平板屏幕,150,110,"(0, 254)"
tablet/tablet_glow.png,平板光效,135,110,"(0, 250)"
tablet/tablet_outline.png,平板轮廓,145,110,"(0, 251)"
mouth/neutral.png,中性,86,48,"(0, 252)"
mouth/happy.png,开心,90,66,"(0, 254)"
mouth/talk_a.png,说话A,89,82,"(0, 254)"
mouth/talk_b.png,说话B,99,64,"(0, 253)"
mouth/talk_o.png,说话O,95,69,"(0, 253)"
mouth/worried.png,担忧,105,74,"(0, 253)"
mouth/surprised.png,惊讶,77,71,"(0, 254)"
fx/alert.png,警报,75,87,"(0, 253)"
fx/question.png,问号,90,85,"(0, 253)"
fx/thinking.png,思考,80,39,"(0, 252)"
fx/spark.png,闪光,90,105,"(0, 253)"
fx/sweat.png,汗滴,80,105,"(0, 253)"
fx/sleep.png,睡眠,90,105,"(0, 254)"
fx/loading.png,加载,95,105,"(0, 252)"
fx/infection.png,感染,105,110,"(0, 254)"
fx/arrow.png,箭头,100,110,"(0, 254)"
fx/bubble.png,气泡,105,115,"(0, 254)"
fx/shadow.png,阴影,225,157,"(0, 109)"
fx/aura.png,光晕,120,170,"(0, 241)"
fx/attention_marks.png,注意提示,105,165,"(0, 253)"
poses/idle_small.png,待机小尺寸,135,169,"(0, 254)"
poses/happy_small.png,开心小尺寸,140,175,"(0, 254)"
poses/alert_tablet_small.png,警报平板小尺寸,150,179,"(0, 254)"
poses/worried_small.png,担忧小尺寸,145,169,"(0, 254)"
poses/sleep_small.png,睡眠小尺寸,150,173,"(0, 254)"
poses/talking_small.png,说话小尺寸,160,179,"(0, 253)"
poses/analyze_small.png,分析小尺寸,277,180,"(0, 254)"
